"source","url","text"
"Reddit","https://www.reddit.com/r/FuckBlinkit/comments/1u1yg9s/never_buy_electronic_item_from_blinkit/","So I ordered PS5 of ₹ 55000 from blinkit 15 days ago... canceled it without handing me over saying due to operational reasons."
"Reddit","https://www.reddit.com/r/FuckBlinkit/comments/1u1yg9s/never_buy_electronic_item_from_blinkit/","But nothing actually happened i got no updates from blinkit neither they connect me to their supervisor"
"Reddit","https://www.reddit.com/r/FuckBlinkit/comments/1u1yg9s/never_buy_electronic_item_from_blinkit/","even executive stopped responding and just said technical issue with refund nd wait for more 3-5 days. At this point I feel something fishy"
"Reddit","https://www.reddit.com/r/FuckBlinkit/comments/1u1yg9s/never_buy_electronic_item_from_blinkit/","their customer support is nothing but full of laying BOT people who just copy and paste same shit. I'd never buy anything from this garbage app."
"Reddit","https://www.reddit.com/r/FuckBlinkit/comments/1u1yg9s/never_buy_electronic_item_from_blinkit/","never buy costly stuff online especially from quick commerce sites like blinkit, they don't have proper customer support"
"Reddit","https://www.reddit.com/r/FuckBlinkit/comments/1u1yg9s/never_buy_electronic_item_from_blinkit/","they may not have the option to transfer you to the employees who can issue the refund."
"Reddit","https://www.reddit.com/r/FuckBlinkit/comments/1u1yg9s/never_buy_electronic_item_from_blinkit/","Always prefer local stores, if not available wait for new stock."
"Reddit","https://www.reddit.com/r/pune/comments/1hxicgo/should_i_buy_electronics_eg_vaccume_cleaner_from/","I recently bought a noise earbuds from Blinkit just cause it was getting delivered in 8 min instead 2 days from amazon."
"Reddit","https://www.reddit.com/r/pune/comments/1hxicgo/should_i_buy_electronics_eg_vaccume_cleaner_from/","Return policies for electronics is 7 days on blinkit as it shows on app."
"Reddit","https://www.reddit.com/r/pune/comments/1hxicgo/should_i_buy_electronics_eg_vaccume_cleaner_from/","Cheapest is Flipkart but their logistics is useless. Next is Amazon. Blinkit is MRP."
"Reddit","https://www.reddit.com/r/pune/comments/1hxicgo/should_i_buy_electronics_eg_vaccume_cleaner_from/","If you are one of those few Indians who don't like saving a few hundred then go ahead."
"Reddit","https://www.reddit.com/r/pune/comments/1hxicgo/should_i_buy_electronics_eg_vaccume_cleaner_from/","comparing to Amazon and flipkart the items felt substandard. Have bought multiple electronic items."
"Reddit","https://www.reddit.com/r/pune/comments/1hxicgo/should_i_buy_electronics_eg_vaccume_cleaner_from/","As Blinkit is new in the space and trying aggressively to capture the market it is giving better prices and all what they are selling authentic stuff."
"Reddit","https://www.reddit.com/r/Chennai/comments/1inkbgs/is_it_safe_to_buy_electronic_items_on_zeptoblinkit/","I've got cables and it got replaced after it stopped working. So I think it should be fine."
"Reddit","https://www.reddit.com/r/Chennai/comments/1inkbgs/is_it_safe_to_buy_electronic_items_on_zeptoblinkit/","The manufacturer will have to take care of anything after sales. Sometimes if the product is visibly damaged you can demand for a replacement"
"Reddit","https://www.reddit.com/r/Chennai/comments/1inkbgs/is_it_safe_to_buy_electronic_items_on_zeptoblinkit/","i bought some below 1000rs electronics from quick commerce. i usually prefer amazon for expensive electronics"
"Reddit","https://www.reddit.com/r/Chennai/comments/1inkbgs/is_it_safe_to_buy_electronic_items_on_zeptoblinkit/","amazon for expensive electronics, they have the best replacement or return policy as far as i know."
"Reddit","https://www.reddit.com/r/Chennai/comments/1inkbgs/is_it_safe_to_buy_electronic_items_on_zeptoblinkit/","I wouldn't recommend Zepto , bought an induction stove once and it didn't work, they refused to take it back or give me a refund"
"Reddit","https://www.reddit.com/r/Chennai/comments/1inkbgs/is_it_safe_to_buy_electronic_items_on_zeptoblinkit/","The brand was prestige so they were like contact prestige and take it to a service center and repair it we can't help you."
"Reddit","https://www.reddit.com/r/Chennai/comments/1inkbgs/is_it_safe_to_buy_electronic_items_on_zeptoblinkit/","They're good but the replacement or return policy is slightly sus as it is taken care by the manufacturer and not, Zepto/blinkit"
"Reddit","https://www.reddit.com/r/Chennai/comments/1inkbgs/is_it_safe_to_buy_electronic_items_on_zeptoblinkit/","They can mess up order. Has happened to me with LED tubelights. Got 2 feet ones instead of 4 feet ones."
"Reddit","https://www.reddit.com/r/Chennai/comments/1inkbgs/is_it_safe_to_buy_electronic_items_on_zeptoblinkit/","Raised Return but there was no follow up by Blinkit."
"Reddit","https://www.reddit.com/r/Chennai/comments/1inkbgs/is_it_safe_to_buy_electronic_items_on_zeptoblinkit/","Til people actually buy expensive things from zepto. I don't buy anything more than occasional groceries there."
"Reddit","https://www.reddit.com/r/Chennai/comments/1inkbgs/is_it_safe_to_buy_electronic_items_on_zeptoblinkit/","Even on that insta mart / Big baske is a much safer option as zepto gives close to expiry date items for the most part."
"Reddit","https://www.reddit.com/r/Chennai/comments/1inkbgs/is_it_safe_to_buy_electronic_items_on_zeptoblinkit/","I bought my cmf buds pro 2 for 3.7k on Zepto and I've had 0 issues so far. It had all the original packaging"
"Reddit","https://www.reddit.com/r/ps5india/comments/1ldesep/my_ps5_blinkit_buying_experience_a_wild_ride/","I noticed the PS5 wasn't available on Blinkit in Noida (where I stay), but it was showing in Delhi"
"Reddit","https://www.reddit.com/r/ps5india/comments/1ldesep/my_ps5_blinkit_buying_experience_a_wild_ride/","So I decided to place a random order just to get the delivery partner's number – and once I had it, I called him and asked him to connect me to the store manager."
"Reddit","https://www.reddit.com/r/ps5india/comments/1ldesep/my_ps5_blinkit_buying_experience_a_wild_ride/","At the store, I met that same rude manager and requested again to see the box."
"Reddit","https://www.reddit.com/r/ps5india/comments/1ldesep/my_ps5_blinkit_buying_experience_a_wild_ride/","A few hours later Blinkit banned my account 😶 I got this email from them: Bruhh?? I paid. I got the item."
"Reddit","https://www.reddit.com/r/ps5india/comments/1ldesep/my_ps5_blinkit_buying_experience_a_wild_ride/","You are regarded to go to a dark store and get in. The whole purpose of a dark stores is to not have people walking around."
"Reddit","https://www.reddit.com/r/ps5india/comments/1ldesep/my_ps5_blinkit_buying_experience_a_wild_ride/","I actually checked with Croma, Reliance Digital, and a few local gaming stores before placing the order. Most of them were selling it for around ₹54,000."
"Reddit","https://www.reddit.com/r/ps5india/comments/1ldesep/my_ps5_blinkit_buying_experience_a_wild_ride/","I even asked the guy at Croma if they could match Blinkit's price under their price match policy, but he refused"
"Reddit","https://www.reddit.com/r/ps5india/comments/1ldesep/my_ps5_blinkit_buying_experience_a_wild_ride/","Blinkit had the best deal, and it made sense to go with them."
"Reddit","https://www.reddit.com/r/ps5india/comments/1ldesep/my_ps5_blinkit_buying_experience_a_wild_ride/","he ordered a ps5 from blinkit and got 2 delivered by mistake"
"Reddit","https://www.reddit.com/r/TwentiesIndia/comments/1tcxd4j/husbands_favourite_hobby_buying_me_toys_from/","My husband loves buying me toys from blinkit. He just randomly orders them for no reason."
"Reddit","https://www.reddit.com/r/TwentiesIndia/comments/1tcxd4j/husbands_favourite_hobby_buying_me_toys_from/","So you're the reason why that penguin always gets out of stock."
"Reddit","https://www.reddit.com/r/TwentiesIndia/comments/1tcxd4j/husbands_favourite_hobby_buying_me_toys_from/","I also have that blue pengu. Now i want to order another one."
"Reddit","https://www.reddit.com/r/TwentiesIndia/comments/1tcxd4j/husbands_favourite_hobby_buying_me_toys_from/","i have the mustard ans white cat from blinkit"
"Reddit","https://www.reddit.com/r/mumbai/comments/1tybx08/a_snake_suddenly_fell_from_the_bag_of_a_man/","didn't know you could order a snake."
"Reddit","https://www.reddit.com/r/mumbai/comments/1tybx08/a_snake_suddenly_fell_from_the_bag_of_a_man/","you can order cats from zomato."
"Reddit","https://www.reddit.com/r/Bengaluru/comments/1qmmps3/amazon_10_mins_now_is_much_better_than_blinkit/","Swiggy Instamart and Blinkit have gone down the drain with their quality. they choose anyone and everyone for delivery."
"Reddit","https://www.reddit.com/r/Bengaluru/comments/1qmmps3/amazon_10_mins_now_is_much_better_than_blinkit/","Amazon now on the other hand has been a smooth experience, good prices and polite delivery partners"
"Reddit","https://www.reddit.com/r/Bengaluru/comments/1qmmps3/amazon_10_mins_now_is_much_better_than_blinkit/","Milky mist paneer I ordered yesterday was for 199 on amazon now. If I go to the shop near my house, I have to pay the MRP on it which is 325!!"
"Reddit","https://www.reddit.com/r/Bengaluru/comments/1qmmps3/amazon_10_mins_now_is_much_better_than_blinkit/","Also Amazon has Nandhini Samruddhi which the nearby Nandini shop never has stock off."
"Reddit","https://www.reddit.com/r/Bengaluru/comments/1qmmps3/amazon_10_mins_now_is_much_better_than_blinkit/","I have moved away from swiggy and instamart. Second choice probably is blinkit."
"Reddit","https://www.reddit.com/r/IndiaBusiness/comments/1i07eri/quick_commerce_is_also_eating_ecommerce/","Amazon issues refund quickly than quick commerce, Amazon is more trustworthy."
"Reddit","https://www.reddit.com/r/IndiaBusiness/comments/1i07eri/quick_commerce_is_also_eating_ecommerce/","I once saw how a PS5 was being delivered in a damn 2 wheeler... It was tied so tight to the bike I could see indents on the box"
"Reddit","https://www.reddit.com/r/IndiaBusiness/comments/1i07eri/quick_commerce_is_also_eating_ecommerce/","sala raat ko agar kuch order karne hai toh online transaction accept nahi karta… sirf cash chahiye deliverywale ko"
"Reddit","https://www.reddit.com/r/IndiaBusiness/comments/1i07eri/quick_commerce_is_also_eating_ecommerce/","And honestly the variety that Blinkit provides is much less than what Amazon or Flipkart provides."
"Reddit","https://www.reddit.com/r/FuckBlinkit/comments/1qd8j6u/do_you_guys_check_prices_on_other_quick_commerce/","Blinkit has far more options than any other store in my area, plus UI, app experience is kind of best."
"Reddit","https://www.reddit.com/r/FuckBlinkit/comments/1qd8j6u/do_you_guys_check_prices_on_other_quick_commerce/","Other times Blinkit was always the most expensive one."
"Reddit","https://www.reddit.com/r/FuckBlinkit/comments/1qd8j6u/do_you_guys_check_prices_on_other_quick_commerce/","I also rarely use blink it because prices are not discounted and often sell at MRP and they do charge 12rs for delivery"
"Reddit","https://www.reddit.com/r/FuckBlinkit/comments/1qd8j6u/do_you_guys_check_prices_on_other_quick_commerce/","Zepto is cheap now because it raised capital recently and uske baad se delivery charge 0, packing charges 0"
"Reddit","https://www.reddit.com/r/FuckBlinkit/comments/1qd8j6u/do_you_guys_check_prices_on_other_quick_commerce/","blink it really delivers faster than everyone else. Zepto toh kaafi slow he infact."
"Reddit","https://www.reddit.com/r/FuckBlinkit/comments/1qd8j6u/do_you_guys_check_prices_on_other_quick_commerce/","UI is Blink It is top notch ( miles ahead of swiggy and zepto )"
"Reddit","https://www.reddit.com/r/FuckBlinkit/comments/1qd8j6u/do_you_guys_check_prices_on_other_quick_commerce/","blinkit actually has a huge inventory, if something is out of stock on any platform, there is a high probability it will be available on blinkit."
"Reddit","https://www.reddit.com/r/FuckBlinkit/comments/1qd8j6u/do_you_guys_check_prices_on_other_quick_commerce/","Blinkit is expensive of all in terms of products. I don't use it much."
"Reddit","https://www.reddit.com/r/IndiaTech/comments/1snc0k1/if_blinkit_can_do_kinda_dark_mode_whats_stopping/","If Blinkit can do “kinda dark” mode, what's stopping Amazon and Flipkart from doing it ?"
"Reddit","https://www.reddit.com/r/IndiaTech/comments/1snc0k1/if_blinkit_can_do_kinda_dark_mode_whats_stopping/","i notice now days amazon is also becoming flipkart, introduce 5rs platform fees and other handling fees."
"Reddit","https://www.reddit.com/r/IndianSkincareAddicts/comments/1jxat9e/why_are_people_even_buying_on_nykaa_when_amazon/","quick commerce apps like Zepto , bb, Blinkit ,Swiggy offer better discounts than Nykaa most of the times."
"Reddit","https://www.reddit.com/r/delhi/comments/1re0gev/in_the_age_of_blinkit_zepto_swiggy_instamart_and/","Blinkit only when late in night or in a hurry to get something."
"Reddit","https://www.reddit.com/r/delhi/comments/1re0gev/in_the_age_of_blinkit_zepto_swiggy_instamart_and/","I've had to uninstall Blinkit thrice because of the 700rs+ bill I kept racking up."
"Reddit","https://www.reddit.com/r/delhi/comments/1re0gev/in_the_age_of_blinkit_zepto_swiggy_instamart_and/","Almost 95% branded grocery items are cheaper online."
"Reddit","https://www.reddit.com/r/delhi/comments/1re0gev/in_the_age_of_blinkit_zepto_swiggy_instamart_and/","Overall then Blinkit/Instamart becomes more cost effective, even if you add in the delivery rate."
"Reddit","https://www.reddit.com/r/delhi/comments/1re0gev/in_the_age_of_blinkit_zepto_swiggy_instamart_and/","My parents only buy from stores . They belive in 'dekh kr lenge'"
"Reddit","https://www.reddit.com/r/FuckBlinkit/comments/1r4ayp2/blinkit_is_a_scam_tell_me_how_to_go_to_consumers/","ordered expensive ones in hopes of getting cookie tin. they didn't send cookie tun stating its finished."
"Reddit","https://www.reddit.com/r/FuckBlinkit/comments/1r4ayp2/blinkit_is_a_scam_tell_me_how_to_go_to_consumers/","Offer valid till stock lasts - when I ordered they should have mentioned the cookie tin is not available"
"Reddit","https://www.reddit.com/r/FuckBlinkit/comments/1r4ayp2/blinkit_is_a_scam_tell_me_how_to_go_to_consumers/","on call they said they can't return and wont refund. I said ok. Remove the misleading ad"
"Reddit","https://www.reddit.com/r/FuckBlinkit/comments/1r4ayp2/blinkit_is_a_scam_tell_me_how_to_go_to_consumers/","Was getting a free olum cake on orders above 300... Later the minimum price for freebie increased to 500."
"Reddit","https://www.reddit.com/r/IsThisAScamIndia/comments/1qiafit/weird_1st_time_experience_with_blinkit_delivery/","The delivery agent and the person on his phone started demanding the order items back or to pay the order money in cash"
"Reddit","https://www.reddit.com/r/IsThisAScamIndia/comments/1qiafit/weird_1st_time_experience_with_blinkit_delivery/","I think they come late on purpose just to instil fear and so the person pays them just for them to go away."
"Reddit","https://www.reddit.com/r/IsThisAScamIndia/comments/1qiafit/weird_1st_time_experience_with_blinkit_delivery/","Report the delivery person on the blinkit app. There should be a report delivery partner fraud option."
"Reddit","https://www.reddit.com/r/delhi/comments/17cf7jf/dont_use_blinkit_unless_you_need_your_groceries/","Blinkit has inflated prices on so many grocery items. I came to realize it late."
"Reddit","https://www.reddit.com/r/delhi/comments/17cf7jf/dont_use_blinkit_unless_you_need_your_groceries/","Kellogg's Muesli 750 gm: Blinkit: 416. BB: 420. Flipkart: 362."
"Reddit","https://www.reddit.com/r/delhi/comments/17cf7jf/dont_use_blinkit_unless_you_need_your_groceries/","And they no longer do 15 mins delivery either. Mine takes 30 usually, and the store is barely 3 kms away."
"Reddit","https://www.reddit.com/r/delhi/comments/17cf7jf/dont_use_blinkit_unless_you_need_your_groceries/","Even on the app it doesn't show 10 min delivery for me it always shows 18-20 min."
"Reddit","https://www.reddit.com/r/delhi/comments/17cf7jf/dont_use_blinkit_unless_you_need_your_groceries/","Blinkt has a store just 8 mins away from my house. So, I only use it when I need something in a hurry"
"Reddit","https://www.reddit.com/r/delhi/comments/17cf7jf/dont_use_blinkit_unless_you_need_your_groceries/","I had a bad experience with them i brought calculator from them it was fake and copied one"
"Reddit","https://www.reddit.com/r/Kochi/comments/1g7w7i3/blinkit_delivering_fake_boat_product/","I ordered Boat Nirvana Ion earpod from Blinkit. They delivered a fake product."
"Reddit","https://www.reddit.com/r/Kochi/comments/1g7w7i3/blinkit_delivering_fake_boat_product/","The serial number on the product is invalid as per boat official website."
"Reddit","https://www.reddit.com/r/Kochi/comments/1g7w7i3/blinkit_delivering_fake_boat_product/","When contacted, blinkit customer support kept me on hold for 30 mins and then replied that they deliver only authentic products."
"Reddit","https://www.reddit.com/r/Kochi/comments/1g7w7i3/blinkit_delivering_fake_boat_product/","Blinkit is supposed to deliver the original product. Escalate it and if needed, file a case in consumer court."
"Reddit","https://www.reddit.com/r/Kochi/comments/1g7w7i3/blinkit_delivering_fake_boat_product/","Swiggy instamart customer support is so much better than Blinkit customer support."
"Reddit","https://www.reddit.com/r/Kochi/comments/1g7w7i3/blinkit_delivering_fake_boat_product/","After hours of customer support chat, email escalations and a consumer court threat, they finally agreed to refund."
"Reddit","https://www.reddit.com/r/delhi/comments/1hnbkug/fraud_and_unprofessionalism_by_blinkit/","The milk sold by Blinkit comes in a completely different packaging."
"Reddit","https://www.reddit.com/r/delhi/comments/1hnbkug/fraud_and_unprofessionalism_by_blinkit/","when I raised a request on the chat for return they refused thrice and when they connected me to customer care I was put on hold for 20 minutes"
"Reddit","https://www.reddit.com/r/delhi/comments/1hnbkug/fraud_and_unprofessionalism_by_blinkit/","I started doubting when the taste changed and then we noticed that the packaging is different"
"Reddit","https://www.reddit.com/r/delhi/comments/1hnbkug/fraud_and_unprofessionalism_by_blinkit/","Their customer support is pathetic , I still have an open issue since rakshabandhan."
"Reddit","https://www.reddit.com/r/FuckBlinkit/comments/1pj9oli/blinkit_is_fake/","i ordered one from nyka fashion and other from blinkit . both have different packaging and also have different texture and smell"
"Reddit","https://www.reddit.com/r/FuckBlinkit/comments/1pj9oli/blinkit_is_fake/","that blinkit one aloe vera gel smells plastic also have rough and watery texture"
"Reddit","https://www.reddit.com/r/FuckBlinkit/comments/1pj9oli/blinkit_is_fake/","There was no seal in electronics purchased from blinkit."
"Reddit","https://www.reddit.com/r/FuckBlinkit/comments/1pj9oli/blinkit_is_fake/","Yes blinkit delivers most of the fake/copy products which looks 100% real but still blinkit is far better then zepto."
"Reddit","https://www.reddit.com/r/FuckBlinkit/comments/1pj9oli/blinkit_is_fake/","Items in quick commerce (Blinkit, Zepto, Instamart) are mostly expired but relabelled; or defective batches"
"Reddit","https://www.reddit.com/r/FuckBlinkit/comments/1pj9oli/blinkit_is_fake/","Amazon also provides blinkit packaging so it's not about duplicacy it's about different packaging."
"Reddit","https://www.reddit.com/r/IndianBeautyDeals/comments/1p7rgee/loreal_and_maybelline_at_rs1_in_zepto/","Blinkit toh bilkul bhi achhe discount nahi deta."
"Reddit","https://www.reddit.com/r/IndianBeautyDeals/comments/1rzt21m/fae_beauty_heavy_discount_on_blinkit/","Some of Fae Beauty products are at heavy discount on Blinkit."
"Reddit","https://www.reddit.com/r/IndianBeautyDeals/comments/1rzt21m/fae_beauty_heavy_discount_on_blinkit/","Received a dirty, used, unsealed product that's expiring next month. Returning it LOL."
"Reddit","https://www.reddit.com/r/IndianBeautyDeals/comments/1s5ph06/got_roll_on_free_on_blinkit/","Blinkit is good yesterday managed to grab philips na231/00 series airfryer 6.2L for just 2.4K."
"Reddit","https://www.reddit.com/r/IndianBeautyDeals/comments/1s5ph06/got_roll_on_free_on_blinkit/","Just received cuz papa bought 10kg aata on blinkit"
"Reddit","https://www.reddit.com/r/india/comments/1jnfoag/blinkit_saga_continues/","Same experience late delivery,bad quality,less quantity with all Bigbasket,zepto, Instamart,blinkit."
"Reddit","https://www.reddit.com/r/india/comments/1jnfoag/blinkit_saga_continues/","Blinkit even delivered the weighing machine that wasn't ordered!"
"Reddit","https://www.reddit.com/r/india/comments/1255s0s/mygate_app/","All my blinkit orders are getting auto-approved as well. As soon as I place the order on blinkit app."
"Reddit","https://www.reddit.com/r/india/comments/1r6nx8m/indias_dark_store_phenomenon_blinkit_swiggy_zepto/","I work as a Blinkit rider and we deliver to almost every spectrum of the middle class. Even kirana stores and other small businesses order from blinkit."
"Reddit","https://www.reddit.com/r/india/comments/1gd99x4/is_this_the_end_kiranas_struggle_to_keep_up_with/","A week ago I read somewhere, Blinkit is about to start a service where you can buy clothes that will be delivered in 10 mins."
"Reddit","https://www.reddit.com/r/india/comments/1qvpxxy/the_boiling_frog_strategy_how_zomato_quietly/","Blinkit in my area charges 9 rupees as packing charge and 12 rupees for delivery, no matter how big your order is."
"Reddit","https://www.reddit.com/r/india/comments/1qvpxxy/the_boiling_frog_strategy_how_zomato_quietly/","i do order from blinkit regularly and i find the charges reasonable. sure there are issues where one or two eggs are broken"
"Reddit","https://www.reddit.com/r/india/comments/1qvpxxy/the_boiling_frog_strategy_how_zomato_quietly/","but when i have to get big volume items, or more than a few items, blinkit (and amazon now) are totally worth it."
"Reddit","https://www.reddit.com/r/pune/comments/1bbszxo/30_mins_clothes_delivery/","blinkit already started delivering such stuffs. small things like handkerchief or socks maybe needed."
"Reddit","https://www.reddit.com/r/pune/comments/1bbszxo/30_mins_clothes_delivery/","blinkit has already started keeping socks, vests, inners and now also basic t-shirts from brands like adidas and jockey here in pune"
"Reddit","https://www.reddit.com/r/Chandigarh/comments/1stbckg/blinkit_reviews_or_quick_commerce_reviews/","I think there should be Review section in Blinkit and Instamarts too For some stuff like Clothing or accessories"
"Reddit","https://www.reddit.com/r/delhi/comments/1hjxd75/wtf_blinkit_this_is_a_scam/","I ordered roughly 5000 Rs. Worth of stuff and barely got 2000 rs. Worth. By when i calculated, the guy dilevering was already on the bike"
"Reddit","https://www.reddit.com/r/delhi/comments/1hjxd75/wtf_blinkit_this_is_a_scam/","They probably thought we would just think we got everything and put the bag aside, They did this once before"
"Reddit","https://www.reddit.com/r/delhi/comments/1hjxd75/wtf_blinkit_this_is_a_scam/","Ek or scam hua tha mere sath recently,mene 30 items order kare the pr ek expensive item automatic add kr deya blinkit"
"Reddit","https://www.reddit.com/r/delhi/comments/1skcz85/blinkit_zepto_are_selling_vibrators_for_women_in/","Am i the last person to know that Blinkit has vibrators for women? Dream has come true for me rn."
"Reddit","https://www.reddit.com/r/delhi/comments/1skcz85/blinkit_zepto_are_selling_vibrators_for_women_in/","if you still wanna order from Blinkit or Zepto, just hide your history and add clear delivery instructions."
"Reddit","https://www.reddit.com/r/india/comments/1gd99x4/is_this_the_end_kiranas_struggle_to_keep_up_with/","I have been buying phones, clothes and other electronics from Blinkit for a while now"
"Reddit","https://www.reddit.com/r/india/comments/1gd99x4/is_this_the_end_kiranas_struggle_to_keep_up_with/","The Blinkit store near my house has been giving us fake goods (we just realised)."
"Reddit","https://www.reddit.com/r/india/comments/1oc9rxn/fed_up_of_extra_charges_in_quick_ecommerce_and/","Same with Blinkit Swiggy Zomato, you have platform charge surge charge rain charge weather charge and what not."
"Reddit","https://www.reddit.com/r/india/comments/1oc9rxn/fed_up_of_extra_charges_in_quick_ecommerce_and/","Blinkit sells at MRP and get profits from that."
"Reddit","https://www.reddit.com/r/india/comments/1nbmol0/concerns_about_product_authenticity_on_online/","Everything else was fine except the Pragati sweet curd. It was ₹5 cheaper than the usual market price, but the taste and color were completely different."
"Reddit","https://www.reddit.com/r/hkqkes/is_zepto_and_other_quick_commerce_selling_fake/","I did receive fake cetaphil face wash from Blinkit, so I don't trust these quick commerce"
"Reddit","https://www.reddit.com/r/hkqkes/is_zepto_and_other_quick_commerce_selling_fake/","When ordering from blinkit, stick to packaged goods only, otherwise they'll get away with the minimum possible inputs."
"Reddit","https://www.reddit.com/r/india/comments/1iuznv2/jiomart_is_scam_dont_fall_for_the_no_fees_bs/","I've finally given up and switched to Blinkit and Zepto. Yeah, they charge a small fee, but at least I get fresh groceries and reliable deliveries."
"Reddit","https://www.reddit.com/r/india/comments/1j4jpgz/do_not_use_zepto_pass_swiggy_one_or_zomato_gold/","So to get these I use Blinkit/Swiggy/etc. and add something else as well to get to the free delivery point."
"Team-BHP","https://www.team-bhp.com/news/bought-cordless-pressure-washer-blinkit-good-investment-overall","Bought a cordless pressure washer from Blinkit... It costed me 1,850/- bucks on Blinkit. Not a bad investment at all."
"Team-BHP","https://www.team-bhp.com/forum/shifting-gears/280213-10-min-delivery-app-do-you-use-why.html","Don't think there's a big difference between the apps, the Blinkit user interface just seems nicer."
"Team-BHP","https://www.team-bhp.com/forum/shifting-gears/280213-10-min-delivery-app-do-you-use-why.html","I use Instamart and wife uses blinkit for milk, butter, curd, soft drinks, snacks, cookies, etc. Both are fast and efficient."
"Team-BHP","https://www.team-bhp.com/forum/shifting-gears/280213-10-min-delivery-app-do-you-use-why-4.html","If she needs a few things when I am not around, she simple uses Blink it or Swiggy insta mart."
"Team-BHP","https://www.team-bhp.com/forum/shifting-gears/280213-10-min-delivery-app-do-you-use-why-2.html","Blinkit - we have a dark store nearby, just 3 kms. Super quick delivery in a village called Greater Noida. Have stopped burning fuel"
"Team-BHP","https://www.team-bhp.com/forum/shifting-gears/280213-10-min-delivery-app-do-you-use-why-2.html","backup is blinkit and their store is also much better, you can send them PDFs and they will print them, they even sell books and cosmetics."
"MouthShut","https://www.mouthshut.com/review/blinkit-review-osmqnustoop","at first they charged me 4 rupees for handling charge... now changed they handling fee to 7 rupees"
"MouthShut","https://m.mouthshut.com/review/blinkit-review-qtmqnqnrsnp","Blinkit has slowly started looting customers with their delivery charges..now even if you want to order goods worth 350 you have to pay 40Rs"
"MouthShut","https://m.mouthshut.com/review/blinkit-review-ompslrsrqnp","this company encourage cheating as i have placed a single order but they unilaterally split it and the first delivery boy came and took the entire money."
"MouthShut","https://m.mouthshut.com/review/blinkit-review-sptmsmlnnnp","paid online but it's gone under process then I paid again that was confirmed... did not respond my call and make excuses"
